{
  "test/integration/pages/RisksObjectPage.js": 1721156949702,
  "xs-app.json": 1722014143012,
  "test/integration/pages/RisksList.js": 1721156949698,
  "test/integration/opaTests.qunit.js": 1721156949686,
  "test/integration/FirstJourney.js": 1721156949698,
  "test/testsuite.qunit.js": 1721156949662,
  "i18n/i18n.properties": 1721157016505,
  "manifest.json": 1721160823132,
  "Component.js": 1721156949562,
  "test/testsuite.qunit-dbg.js": 1721156949662,
  "test/testsuite.qunit.js.map": 1722014147517,
  "test/integration/opaTests.qunit-dbg.js": 1721156949686,
  "test/integration/opaTests.qunit.js.map": 1722014147522,
  "test/integration/FirstJourney-dbg.js": 1721156949698,
  "test/integration/FirstJourney.js.map": 1722014147521,
  "test/integration/pages/RisksList-dbg.js": 1721156949698,
  "test/integration/pages/RisksList.js.map": 1722014147518,
  "test/integration/pages/RisksObjectPage-dbg.js": 1721156949702,
  "test/integration/pages/RisksObjectPage.js.map": 1722014147520,
  "Component-dbg.js": 1721156949562,
  "Component.js.map": 1722014147520,
  "Component-preload.js": 1722014147597,
  "Component-preload.js.map": 1722014147597,
  "test/integration/opaTests.qunit.html": 1721156949686,
  "test/testsuite.qunit.html": 1721156949642,
  "test/flpSandbox.html": 1721156949642,
  "index.html": 1721156949562
}